13.32.99.104;not resolved;content.cdn.viber.com;
13.32.99.117;not resolved;content.cdn.viber.com;
13.32.99.165;not resolved;content.cdn.viber.com;
13.32.99.174;not resolved;content.cdn.viber.com;
151.101.112.233;not resolved;venetia.iad.appboy.com;AD
185.151.204.11;not resolved;app.adjust.com;AD
185.151.204.13;not resolved;app.adjust.com;AD
185.151.204.7;not resolved;app.adjust.com;AD
185.151.204.8;not resolved;app.adjust.com;AD
216.58.201.74;not resolved;android.googleapis.com;
2a00:1450:4014:80d::200a;not resolved;android.googleapis.com;
